,user,role,email,pc
0,usr-esz,Security,usr-esz@cyberwave-solutions.com,pc0
1,usr-idp,Security,usr-idp@cyberwave-solutions.com,pc1
2,usr-pum,Security,usr-pum@cyberwave-solutions.com,pc2
3,usr-dpa,Services,usr-dpa@cyberwave-solutions.com,pc3
4,usr-mnt,Security,usr-mnt@cyberwave-solutions.com,pc4
5,usr-awo,HR,usr-awo@cyberwave-solutions.com,pc5
6,usr-zhs,Services,usr-zhs@cyberwave-solutions.com,pc6
7,usr-kaa,Finance,usr-kaa@cyberwave-solutions.com,pc7
8,usr-ram,Legal,usr-ram@cyberwave-solutions.com,pc8
9,usr-nxa,Director,usr-nxa@cyberwave-solutions.com,pc9
10,usr-yop,Director,usr-yop@cyberwave-solutions.com,pc10
11,usr-lhv,HR,usr-lhv@cyberwave-solutions.com,pc11
12,usr-oja,Technical,usr-oja@cyberwave-solutions.com,pc12
13,usr-rud,HR,usr-rud@cyberwave-solutions.com,pc13
14,usr-xjd,Security,usr-xjd@cyberwave-solutions.com,pc14
15,usr-xwq,Services,usr-xwq@cyberwave-solutions.com,pc15
16,usr-nqv,HR,usr-nqv@cyberwave-solutions.com,pc16
17,usr-jsp,Security,usr-jsp@cyberwave-solutions.com,pc17
18,usr-qms,Security,usr-qms@cyberwave-solutions.com,pc18
19,usr-phx,Security,usr-phx@cyberwave-solutions.com,pc19
20,usr-nvf,Technical,usr-nvf@cyberwave-solutions.com,pc20
21,usr-wyv,Security,usr-wyv@cyberwave-solutions.com,pc21
22,usr-cov,Director,usr-cov@cyberwave-solutions.com,pc22
23,usr-yfq,Security,usr-yfq@cyberwave-solutions.com,pc23
24,usr-lpx,Finance,usr-lpx@cyberwave-solutions.com,pc24
25,usr-bjw,Security,usr-bjw@cyberwave-solutions.com,pc25
26,usr-tss,Technical,usr-tss@cyberwave-solutions.com,pc26
27,usr-ffq,HR,usr-ffq@cyberwave-solutions.com,pc27
28,usr-ayg,Director,usr-ayg@cyberwave-solutions.com,pc28
29,usr-rhm,Director,usr-rhm@cyberwave-solutions.com,pc29
30,usr-slo,Services,usr-slo@cyberwave-solutions.com,pc30
31,usr-vrt,Services,usr-vrt@cyberwave-solutions.com,pc31
32,usr-amz,Security,usr-amz@cyberwave-solutions.com,pc32
33,usr-xqz,Finance,usr-xqz@cyberwave-solutions.com,pc33
34,usr-yrg,Technical,usr-yrg@cyberwave-solutions.com,pc34
35,usr-bpl,Director,usr-bpl@cyberwave-solutions.com,pc35
36,usr-gqn,Director,usr-gqn@cyberwave-solutions.com,pc36
37,usr-lnl,Finance,usr-lnl@cyberwave-solutions.com,pc37
38,usr-rtz,Legal,usr-rtz@cyberwave-solutions.com,pc38
39,usr-ota,Security,usr-ota@cyberwave-solutions.com,pc39
40,usr-ufr,Legal,usr-ufr@cyberwave-solutions.com,pc40
41,usr-czr,Security,usr-czr@cyberwave-solutions.com,pc41
42,usr-ibv,Finance,usr-ibv@cyberwave-solutions.com,pc42
43,usr-aoa,Security,usr-aoa@cyberwave-solutions.com,pc43
44,usr-ihi,Finance,usr-ihi@cyberwave-solutions.com,pc44
45,usr-tfl,Technical,usr-tfl@cyberwave-solutions.com,pc45
46,usr-ffi,Director,usr-ffi@cyberwave-solutions.com,pc46
47,usr-fvi,Legal,usr-fvi@cyberwave-solutions.com,pc47
48,usr-jow,Technical,usr-jow@cyberwave-solutions.com,pc48
49,usr-pda,Technical,usr-pda@cyberwave-solutions.com,pc49
50,usr-knz,HR,usr-knz@cyberwave-solutions.com,pc50
51,usr-dix,Director,usr-dix@cyberwave-solutions.com,pc51
52,usr-gtn,Security,usr-gtn@cyberwave-solutions.com,pc52
53,usr-aha,Technical,usr-aha@cyberwave-solutions.com,pc53
54,usr-bxf,Director,usr-bxf@cyberwave-solutions.com,pc54
55,usr-qvn,Director,usr-qvn@cyberwave-solutions.com,pc55
56,usr-huz,Legal,usr-huz@cyberwave-solutions.com,pc56
57,usr-ohq,Legal,usr-ohq@cyberwave-solutions.com,pc57
58,usr-mvs,Security,usr-mvs@cyberwave-solutions.com,pc58
59,usr-vun,Finance,usr-vun@cyberwave-solutions.com,pc59
60,usr-jeg,Services,usr-jeg@cyberwave-solutions.com,pc60
61,usr-jcc,Technical,usr-jcc@cyberwave-solutions.com,pc61
62,usr-jxf,Technical,usr-jxf@cyberwave-solutions.com,pc62
63,usr-iea,Director,usr-iea@cyberwave-solutions.com,pc63
64,usr-bsg,Services,usr-bsg@cyberwave-solutions.com,pc64
65,usr-sof,Security,usr-sof@cyberwave-solutions.com,pc65
66,usr-ywt,Director,usr-ywt@cyberwave-solutions.com,pc66
67,usr-mgl,Finance,usr-mgl@cyberwave-solutions.com,pc67
68,usr-svn,Legal,usr-svn@cyberwave-solutions.com,pc68
69,usr-pdv,Technical,usr-pdv@cyberwave-solutions.com,pc69
70,usr-qpa,Technical,usr-qpa@cyberwave-solutions.com,pc70
71,usr-mja,HR,usr-mja@cyberwave-solutions.com,pc71
72,usr-kzs,Security,usr-kzs@cyberwave-solutions.com,pc72
73,usr-kng,HR,usr-kng@cyberwave-solutions.com,pc73
74,usr-dmr,Technical,usr-dmr@cyberwave-solutions.com,pc74
75,usr-vrp,Security,usr-vrp@cyberwave-solutions.com,pc75
76,usr-rhc,Security,usr-rhc@cyberwave-solutions.com,pc76
77,usr-cef,HR,usr-cef@cyberwave-solutions.com,pc77
78,usr-rgi,Security,usr-rgi@cyberwave-solutions.com,pc78
79,usr-tqi,Technical,usr-tqi@cyberwave-solutions.com,pc79
80,usr-kdj,HR,usr-kdj@cyberwave-solutions.com,pc80
81,usr-tyw,Services,usr-tyw@cyberwave-solutions.com,pc81
82,usr-esr,Security,usr-esr@cyberwave-solutions.com,pc82
83,usr-kbn,Finance,usr-kbn@cyberwave-solutions.com,pc83
84,usr-zee,Technical,usr-zee@cyberwave-solutions.com,pc84
85,usr-tsz,Services,usr-tsz@cyberwave-solutions.com,pc85
86,usr-csr,HR,usr-csr@cyberwave-solutions.com,pc86
87,usr-cil,Services,usr-cil@cyberwave-solutions.com,pc87
88,usr-srd,Director,usr-srd@cyberwave-solutions.com,pc88
89,usr-idz,Finance,usr-idz@cyberwave-solutions.com,pc89
90,usr-jat,Legal,usr-jat@cyberwave-solutions.com,pc90
91,usr-cnd,Security,usr-cnd@cyberwave-solutions.com,pc91
92,usr-zbg,HR,usr-zbg@cyberwave-solutions.com,pc92
93,usr-snf,Finance,usr-snf@cyberwave-solutions.com,pc93
94,usr-fvh,HR,usr-fvh@cyberwave-solutions.com,pc94
95,usr-dnm,Security,usr-dnm@cyberwave-solutions.com,pc95
96,usr-rjr,HR,usr-rjr@cyberwave-solutions.com,pc96
97,usr-pkd,HR,usr-pkd@cyberwave-solutions.com,pc97
98,usr-kba,Finance,usr-kba@cyberwave-solutions.com,pc98
99,usr-jxt,Technical,usr-jxt@cyberwave-solutions.com,pc99
